range_m,loss_pct,failed_pct,reachable_pct,delivered_pct,delivered_of_reachable_pct,median_delay_s
500,2,0,0.0,0.0,nan,nan
500,2,30,0.0,0.0,nan,nan
650,2,0,82.7,82.3,99.5,6.7
650,2,30,52.1,52.1,100.0,2.7
800,2,0,100.0,100.0,100.0,12.5
800,2,30,91.5,91.2,99.7,4.7
1000,2,0,100.0,100.0,100.0,13.6
1000,2,30,99.7,99.7,100.0,6.2
800,0,0,100.0,100.0,100.0,9.9
800,0,30,91.5,91.5,100.0,4.8
800,5,0,100.0,100.0,100.0,11.2
800,5,30,91.5,91.5,100.0,6.1
800,10,0,100.0,100.0,100.0,13.1
800,10,30,91.5,91.2,99.7,5.3
